index,Algal_Treatment,Actinobacteriota; Acidimicrobiia,Planctomycetota; 028H05-P-BN-P5,CyanoCyanobacteriia,Chloroflexi; Anaerolineae,Bacteroidota; Bacteroidia,ProteoGammaproteobacteria,ProteoAlphaproteobacteria,Planctomycetota; Phycisphaerae,Sumerlaeota; Sumerlaeia,Planctomycetota; Planctomycetes,Latescibacterota; Latescibacterota,Verrucomicrobiota; Verrucomicrobiae,Planctomycetota; OM190,Planctomycetota; vadinHA49,Firmicutes; Bacilli,Hydrogenedentes; Hydrogenedentia,Myxococcota; Polyangia,Verrucomicrobiota; Kiritimatiellae,Desulfobacterota; Desulfobacteria,Bdellovibrionota; Bdellovibrionia,Acidobacteriota; Thermoanaerobaculia,Planctomycetota;__,Firmicutes; Clostridia,Bdellovibrionota; Oligoflexia,Myxococcota; Myxococcia,CyanoVampirivibrionia,Firmicutes;__,NB1-j; NB1-j,Campilobacterota; Campylobacteria,PatesciGracilibacteria,Chloroflexi; TK17,Fibrobacterota; Chitinivibrionia,Planctomycetota; Pla4_lineage,Acidobacteriota; Vicinamibacteria,WPS-2; WPS-2,Desulfobacterota; Desulfovibrionia,CyanoSericytochromatia,Desulfobacterota; Desulfobulbia,Verrucomicrobiota; Lentisphaeria,Archaea; Nanoarchaeota; Nanoarchaeia,SAR324_clade(Marine_group_B); SAR324_clade(Marine_group_B),Chloroflexi; KD4-96,Desulfobacterota; Desulfuromonadia,Cloacimonadota; Cloacimonadia,Acidobacteriota; Subgroup_22,Spirochaetota; Spirochaetia,Archaea; Halobacterota; Halobacteria,Verrucomicrobiota; Omnitrophia,Planctomycetota; Pla3_lineage,Planctomycetota; SGST604,Chloroflexi; Dehalococcoidia,Myxococcota;__,Firmicutes; Negativicutes,Verrucomicrobiota; Chlamydiae,Actinobacteriota; Actinobacteria,Nitrospirota; Nitrospiria,Elusimicrobiota; Lineage_IIb,Planctomycetota; BD7-11,Gemmatimonadota; PAUC43f_marine_benthic_group,PatesciParcubacteria,Acidobacteriota; Aminicenantia,Bacteroidota; Ignavibacteria,MargulisMargulisbacteria,Marinimicrobia_(SAR406_clade); Marinimicrobia_(SAR406_clade),Gemmatimonadota; BD2-11_terrestrial_group,Spirochaetota; MVP-15,PAUC34f; PAUC34f,Spirochaetota; Leptospirae,Acidobacteriota; Acidobacteriae,Archaea; Thermoplasmatota; Thermoplasmata,Bacteroidota; Rhodothermia,LCP-89; LCP-89,Calditrichota; Calditrichia,Acidobacteriota; Holophagae,Spirochaetota; V2072-189E03,Latescibacterota; Latescibacteria,Proteobacteria;__,Acidobacteriota; Blastocatellia,Desulfobacterota; Desulfarculia,Archaea; Crenarchaeota; Nitrososphaeria,Fusobacteriota; Fusobacteriia,Deinococcota; Deinococci,DadaDadabacteriia,Chloroflexi; TK10,Dependentiae; Babeliae,Actinobacteriota; Thermoleophilia,ModuliModuliflexia,Desulfobacterota;__,Bacteroidota; Kryptonia,Bacteroidota; Kapabacteria,Acidobacteriota; Subgroup_21,Fibrobacterota; Fibrobacteria,ProteoMagnetococcia,Actinobacteriota; Rubrobacteria,Fermentibacterota; Fermentibacteria,Sva0485; Sva0485,Acidobacteriota; Subgroup_26,Elusimicrobiota; Elusimicrobia,Nitrospirota; Thermodesulfovibrionia,MBNT15; MBNT15,PoriPoribacteria,Chloroflexi; Chloroflexia,Planctomycetota; Brocadiae,Deferribacterota; Deferribacteres,Myxococcota; bacteriap25,ZixiZixibacteria,Acidobacteriota; Subgroup_18,Archaea; Crenarchaeota; Bathyarchaeia,Archaea;__;__,Entotheonellaeota; Entotheonellia,PatesciABY1,Archaea; Asgardarchaeota; Odinarchaeia,Desulfobacterota; uncultured,FCPU426; FCPU426,PatesciSaccharimonadia,Archaea; Asgardarchaeota; Lokiarchaeia,Synergistota; Synergistia,Archaea; Halobacterota; Methanomicrobia,Verrucomicrobiota;__,Archaea; Euryarchaeota; Thermococci,Acetothermia; Acetothermiia,Halanaerobiaeota; Halanaerobiia,Desulfobacterota; Syntrophobacteria,PatesciWWE3,Armatimonadota; Fimbriimonadia,Gemmatimonadota; Gemmatimonadetes,Spirochaetota; Brevinematia
PR-AM-1,Amansia,35,1,765,71,681,1323,791,11,3,151,3,66,44,27,318,0,49,5,15,22,24,2,57,33,2,7,2,2,72,8,0,0,3,1,2,1,4,10,21,4,3,6,10,0,0,1,3,0,5,0,0,1,0,3,25,0,0,11,0,0,2,0,0,0,1,0,0,2,0,0,6,0,3,4,0,0,0,0,0,2,50,5,4,0,0,0,0,0,1,0,0,0,0,0,0,0,0,0,0,0,0,0,0,0,0,0,0,1,1,2,0,0,1,0,0,0,0,0,0,0,0,0,0,0,0,0,0
PR-AM-10,Amansia,9,0,900,6,1952,827,651,31,0,39,1,56,47,8,48,0,3,0,12,41,6,9,29,2,0,7,0,9,0,9,0,0,4,0,0,9,2,3,2,1,6,0,3,0,0,3,0,0,1,0,0,0,0,4,5,0,0,0,0,0,0,0,0,0,5,0,0,0,0,0,1,0,0,2,0,0,0,0,0,0,26,5,0,0,0,0,0,0,0,0,0,0,0,0,0,0,0,0,0,0,0,0,0,0,0,0,0,0,0,0,1,0,0,0,4,0,0,0,0,0,0,0,0,0,0,0,0
PR-AM-11,Amansia,0,0,33,0,859,1590,1420,0,0,1,0,20,1,0,8,0,0,1,0,0,1,0,122,1,0,0,0,0,374,1,0,0,0,0,0,69,0,0,10,1,0,0,1,0,0,274,0,0,0,0,0,0,0,0,0,0,0,0,0,0,0,0,0,0,0,0,0,0,0,0,0,0,0,0,0,0,0,0,0,0,2,0,0,0,0,0,0,0,0,0,0,0,0,0,0,0,0,0,0,0,0,0,0,0,0,0,0,0,0,0,0,0,0,0,0,0,0,0,0,0,0,0,0,0,0,0,0
PR-AM-12,Amansia,1,0,8,1,517,778,336,0,0,2,0,7,2,0,0,0,0,0,1157,98,0,0,192,8,0,0,0,0,639,65,0,9,0,0,0,483,0,0,310,50,43,0,0,6,0,8,0,0,1,0,0,39,0,1,0,0,0,1,0,0,0,6,0,7,0,0,0,0,2,0,0,11,0,0,0,0,0,0,0,0,0,0,0,0,0,0,0,0,0,1,0,0,0,0,0,0,0,0,0,0,0,0,0,0,0,0,0,0,0,0,0,0,0,0,0,0,0,0,0,0,0,0,0,0,0,0,0
PR-AM-2,Amansia,22,17,369,9,881,2123,978,40,0,54,0,61,29,7,0,0,32,3,5,23,19,8,14,22,0,0,0,0,12,1,0,0,3,0,3,0,0,2,6,1,1,2,13,0,0,0,1,0,6,0,0,0,0,0,0,0,0,6,0,0,0,0,0,0,0,0,0,0,0,0,0,0,1,0,0,0,0,0,0,1,13,0,0,0,0,0,0,0,0,0,0,1,0,0,0,0,0,0,0,0,0,0,0,0,0,0,0,0,0,0,0,0,0,0,0,0,0,0,0,0,0,0,0,0,0,0,0
PR-AM-3,Amansia,8,6,122,6,665,1958,1423,52,0,67,0,66,19,0,6,0,11,8,37,17,10,34,34,14,0,0,0,2,15,0,0,0,14,0,1,9,2,68,7,1,2,0,9,0,0,69,1,0,0,0,0,0,0,0,1,0,0,5,0,0,0,0,0,0,0,0,0,0,0,0,0,0,4,0,0,0,2,0,0,3,10,0,1,0,0,0,0,0,0,0,0,0,0,0,0,0,0,0,0,0,0,0,0,0,0,0,0,0,0,0,0,0,0,0,0,0,0,0,0,0,0,0,0,0,0,0,0
PR-AM-4,Amansia,4,0,365,0,455,2422,1148,8,0,20,0,74,51,1,3,0,6,0,13,32,6,1,38,40,0,0,0,2,28,0,0,0,0,0,2,0,2,2,30,2,0,0,13,0,0,1,0,0,2,0,0,3,0,1,0,0,0,5,0,0,0,0,0,0,0,0,0,0,0,0,3,0,0,0,0,0,0,0,0,0,5,0,0,0,0,0,0,0,0,0,0,0,1,0,0,0,0,0,0,0,0,0,0,0,0,0,0,0,0,0,0,0,0,0,0,0,0,0,0,0,0,0,0,0,0,0,0
PR-AM-5,Amansia,22,5,596,30,554,1285,1710,21,2,106,0,46,36,4,45,0,19,11,8,50,12,0,59,13,1,2,0,6,3,2,0,0,0,0,12,4,10,6,3,5,4,0,8,0,1,0,11,3,6,0,0,0,0,1,1,0,0,0,1,2,0,0,0,0,3,0,2,0,0,0,6,0,0,6,0,0,6,0,0,4,18,4,7,0,0,0,0,0,0,0,0,0,0,2,0,0,0,0,0,0,0,0,0,0,0,0,0,0,0,2,0,0,1,0,0,0,0,0,2,0,0,0,0,0,0,0,0
PR-AM-6,Amansia,42,0,750,23,1036,1446,670,60,2,219,0,112,9,2,141,0,7,6,8,9,11,10,31,4,0,5,0,0,31,4,0,0,3,0,1,4,0,2,15,2,2,0,2,0,0,0,0,0,2,0,0,0,0,29,6,0,0,8,0,0,0,0,0,0,1,0,0,0,0,0,5,0,0,12,0,0,0,0,0,0,8,45,0,0,1,3,0,0,0,0,0,0,0,0,0,0,0,0,0,0,0,0,0,0,0,0,0,0,0,0,0,0,0,0,0,0,0,0,0,0,0,0,0,0,0,0,0
PR-AM-7,Amansia,2,0,620,26,1334,1355,865,35,0,109,0,90,35,5,5,3,8,0,12,29,5,7,35,8,10,5,0,4,0,8,0,0,2,2,0,1,3,20,1,5,8,0,11,0,3,5,0,0,0,0,0,0,0,0,9,0,0,12,1,0,0,0,0,0,0,0,0,3,2,2,7,0,0,7,0,0,9,0,0,1,42,0,0,0,0,0,0,0,0,0,0,3,0,0,0,2,0,0,0,0,0,0,0,0,0,0,0,0,0,0,0,0,0,0,0,0,0,0,0,13,0,0,0,0,0,0,0
PR-AM-8,Amansia,0,0,63,2,572,1925,1035,9,0,3,0,23,1,0,0,0,1,1,90,31,0,0,87,0,0,0,0,0,379,26,0,0,0,0,1,291,0,146,24,23,2,0,10,0,0,0,0,0,0,0,0,4,0,0,5,0,0,3,0,0,0,2,0,0,0,0,0,0,0,0,0,8,0,0,0,0,0,0,0,0,21,0,0,0,0,0,0,0,0,1,0,0,0,0,0,0,0,0,0,0,0,0,0,0,0,0,0,0,0,0,0,0,0,0,0,0,0,0,0,0,0,0,0,0,0,0,0
PR-AM-9,Amansia,13,6,520,40,1186,1637,788,9,3,83,0,97,28,9,14,0,14,7,14,28,4,5,48,3,0,6,0,3,8,7,0,0,3,0,5,6,5,18,12,3,6,3,18,2,0,2,6,3,3,0,0,1,0,2,11,0,0,6,0,0,0,0,1,0,0,0,0,1,0,0,8,0,3,10,0,0,1,2,0,1,59,2,0,0,0,0,0,0,0,0,1,2,0,0,0,0,0,0,0,0,0,0,1,0,0,0,0,0,0,0,0,0,0,0,1,0,0,0,0,0,0,0,0,1,0,0,0
PR-E-1,Empty,37,2,1771,27,665,918,639,11,0,149,1,106,39,26,43,0,40,2,7,20,9,10,90,6,5,9,0,2,5,7,0,1,1,0,2,3,0,3,8,8,3,4,10,0,0,0,0,0,6,0,0,0,0,0,1,0,0,3,0,2,0,0,0,1,0,0,0,0,3,1,3,0,6,3,0,0,1,0,0,0,58,5,0,0,0,0,0,0,0,3,2,1,0,0,0,0,0,0,0,0,0,0,0,0,0,0,0,0,0,1,0,0,0,0,0,0,0,0,0,0,0,0,0,0,0,0,0
PR-E-10,Empty,12,0,598,6,1214,1403,1004,4,4,67,0,64,32,14,32,0,7,2,14,35,3,7,40,6,2,0,0,2,56,0,0,0,0,0,11,1,27,12,2,26,0,6,1,0,0,3,0,3,4,0,0,0,0,3,5,0,0,6,0,4,0,0,0,0,0,0,2,0,0,0,6,0,0,5,0,0,0,0,0,4,22,0,0,0,0,0,0,0,0,0,0,0,6,0,0,1,0,0,0,0,0,0,0,0,0,0,0,0,0,0,0,0,0,0,1,0,0,0,0,0,0,0,0,0,0,0,0
PR-E-11,Empty,15,0,444,25,650,2145,990,19,0,64,2,55,20,2,10,0,23,11,34,17,2,0,41,13,7,3,0,0,56,0,0,0,4,0,19,8,2,0,16,12,8,1,14,0,0,0,0,0,3,0,0,0,0,3,6,0,0,0,0,0,0,5,0,0,0,0,0,0,7,0,3,0,0,0,0,0,0,3,0,15,9,3,0,0,0,0,0,0,0,0,0,0,0,0,0,0,0,0,0,0,0,0,0,0,0,0,0,0,0,0,0,0,0,0,0,0,0,0,0,0,0,0,0,0,0,0,0
PR-E-2,Empty,41,5,1262,32,783,1033,741,19,1,84,0,81,37,22,129,0,8,3,13,37,7,3,58,13,2,9,1,1,14,6,1,0,4,9,6,5,10,15,9,4,12,1,7,0,1,2,8,1,7,0,44,8,2,5,21,5,0,10,0,2,1,0,0,0,7,0,9,2,1,0,16,0,2,3,0,0,0,0,1,38,39,4,6,1,3,0,1,0,0,0,0,0,0,0,0,0,0,0,0,0,3,0,0,0,1,0,0,0,0,5,0,0,0,0,2,0,0,0,0,0,0,0,0,0,0,0,0
PR-E-3,Empty,17,4,1600,17,613,1095,778,22,0,128,1,82,24,17,34,0,12,3,16,38,8,3,74,9,4,13,0,12,10,1,0,0,3,0,4,5,2,10,11,2,4,0,11,0,3,1,1,2,6,0,0,0,1,6,0,0,0,7,0,1,0,0,0,0,4,0,0,2,0,0,6,0,0,3,0,0,0,0,0,5,40,4,0,0,0,0,0,1,0,1,0,0,1,0,0,0,0,0,3,0,0,0,0,0,0,0,1,2,0,0,0,0,0,0,0,0,0,0,0,0,1,0,0,0,0,0,0
PR-E-4,Empty,19,3,812,15,883,1270,808,6,0,98,3,49,49,14,21,0,8,8,69,22,11,0,142,6,1,1,0,0,69,8,0,1,1,0,5,42,3,24,63,125,6,0,5,1,0,11,0,0,0,1,0,1,0,2,0,0,0,0,0,0,0,4,0,1,2,0,1,0,0,0,2,6,0,0,0,0,0,0,0,6,64,5,0,0,0,0,1,0,0,0,0,0,0,0,0,1,0,0,0,0,2,0,0,7,0,0,0,0,1,0,0,0,0,0,0,0,0,0,0,0,0,0,0,0,0,0,0
PR-E-5,Empty,17,3,861,21,1331,1037,978,31,0,89,3,77,40,11,45,0,10,9,4,26,6,4,24,18,4,6,0,3,2,8,0,0,8,0,11,3,4,7,0,2,3,1,7,0,1,0,5,0,2,0,0,0,3,0,4,0,0,6,0,0,2,0,0,0,0,0,0,0,0,0,12,0,1,15,0,1,1,0,0,2,16,3,0,0,0,0,0,0,0,0,0,0,0,1,0,0,0,0,0,0,0,0,0,0,0,0,0,0,0,0,0,0,0,0,0,0,0,0,0,0,0,0,0,0,0,0,0
PR-E-6,Empty,27,1,1199,20,781,1082,742,24,6,133,11,174,65,13,141,3,9,19,18,29,26,2,74,20,4,1,0,0,0,14,0,0,4,0,3,2,0,9,6,5,5,0,5,0,0,0,0,0,0,0,0,0,0,0,16,0,0,2,0,0,0,0,0,0,0,0,0,0,0,0,7,0,7,11,0,0,0,0,0,2,40,22,0,0,0,0,0,0,0,0,0,0,0,0,0,2,0,0,0,0,0,0,0,0,0,0,0,3,0,0,0,0,0,0,0,0,0,0,0,0,0,0,0,0,0,0,0
PR-E-7,Empty,18,0,1571,2,1013,1205,524,4,0,51,0,69,10,8,83,0,8,4,5,13,10,0,56,0,0,5,0,3,0,10,0,0,0,0,7,0,0,8,3,0,3,0,6,0,0,0,0,0,5,0,0,0,0,3,3,0,0,6,0,0,0,0,0,0,0,0,0,0,0,0,0,0,0,4,0,0,3,0,0,0,38,4,2,0,0,0,0,0,0,0,8,6,0,0,0,5,3,0,0,0,0,0,0,0,0,0,0,0,0,0,0,0,0,0,0,0,0,0,0,0,0,0,0,0,0,0,0
PR-E-8,Empty,6,8,1468,46,688,592,1311,29,2,189,0,12,36,5,4,0,17,1,2,8,0,0,49,0,18,20,0,1,55,4,0,0,1,0,1,139,2,0,1,2,2,0,0,0,0,33,0,0,17,0,0,0,0,1,0,0,0,1,0,0,0,0,0,0,2,0,0,1,0,0,2,0,0,1,0,0,0,1,0,0,8,0,1,0,0,0,0,0,0,0,0,0,0,0,0,0,0,0,0,0,0,2,0,0,0,0,0,0,0,0,0,0,0,0,0,0,0,0,0,0,0,0,0,0,0,0,0
PR-E-9,Empty,18,2,616,11,595,1883,862,5,0,94,3,105,17,6,6,0,14,1,43,45,2,5,141,5,1,6,0,1,147,5,0,0,1,2,5,15,2,15,17,23,4,3,9,0,0,1,0,0,3,0,0,0,0,0,0,0,0,2,2,0,0,3,0,0,2,0,0,3,0,0,7,0,0,0,0,0,0,2,0,7,14,3,0,0,0,2,0,0,0,0,0,2,0,0,0,0,0,0,0,0,0,0,0,0,0,1,0,0,0,0,0,0,0,0,0,0,0,0,0,0,0,0,0,0,0,0,0
PR-MM-1,Macroalgae_mimic,2,4,155,2,682,873,803,188,0,26,0,47,16,4,2,0,4,1,421,42,10,0,201,16,2,1,0,2,718,10,0,0,6,0,0,324,0,0,90,41,12,0,4,2,0,33,0,0,1,0,0,10,0,3,0,0,0,1,0,0,0,6,0,0,0,0,0,0,0,0,0,14,0,0,0,0,1,0,0,0,1,0,0,0,0,0,0,0,0,5,0,2,0,0,0,0,1,0,0,0,0,0,0,0,0,0,0,0,0,0,0,0,0,0,0,0,0,0,0,0,0,0,0,0,0,0,0
PR-MM-10,Macroalgae_mimic,0,0,53,0,391,1789,591,1,0,3,0,22,1,0,2,0,5,0,56,99,0,0,545,35,0,0,0,1,613,7,0,0,0,0,0,322,0,0,44,143,46,0,1,1,0,5,0,0,0,0,0,7,0,3,0,0,0,0,0,0,0,0,0,0,0,0,0,0,0,0,0,0,1,2,0,0,0,0,0,0,0,0,0,0,0,0,0,0,0,0,0,0,0,0,0,0,0,0,0,0,0,0,0,0,0,0,0,0,0,0,0,0,0,0,0,0,0,0,0,0,0,0,0,0,0,0,0
PR-MM-11,Macroalgae_mimic,0,0,3,0,587,692,106,0,0,0,0,1,0,0,0,0,2,0,1404,11,0,0,284,8,0,0,0,0,681,23,0,0,0,0,0,195,0,0,74,672,12,0,0,0,0,2,0,0,0,0,0,1,0,0,0,0,0,0,0,0,0,0,0,1,0,0,0,0,0,0,0,22,0,0,0,0,0,0,0,1,0,0,0,0,0,0,0,0,0,7,0,0,0,0,0,0,0,0,0,0,0,0,0,0,0,0,0,0,0,0,0,0,0,0,0,0,0,0,0,0,0,0,0,0,0,0,0
PR-MM-12,Macroalgae_mimic,15,3,635,8,1489,1698,351,12,5,67,0,31,47,14,43,0,11,13,6,18,11,0,35,0,2,0,0,3,4,6,0,0,0,0,2,0,0,5,3,0,5,2,2,0,0,207,1,0,2,0,0,0,0,0,13,0,0,2,0,0,0,0,0,0,0,0,0,0,0,0,1,0,0,1,0,0,2,0,0,0,11,0,0,0,0,0,0,0,0,0,0,0,0,0,0,0,0,0,0,0,0,0,0,0,0,0,0,1,0,0,0,0,0,1,0,0,0,0,0,0,0,1,0,0,0,0,0
PR-MM-2,Macroalgae_mimic,0,0,6,0,1276,1242,276,0,0,0,0,0,0,0,0,0,0,0,537,14,0,0,336,0,0,0,0,0,268,27,0,0,0,0,0,538,0,0,203,9,14,0,0,3,0,1,0,0,0,0,0,38,0,0,0,0,0,0,0,0,0,1,0,0,0,0,0,0,0,0,0,0,0,0,0,0,0,0,0,0,0,0,0,0,0,0,0,0,0,0,0,0,0,0,0,0,0,0,0,0,0,0,0,0,0,0,0,0,0,0,0,0,0,0,0,0,0,0,0,0,0,0,0,0,0,0,0
PR-MM-3,Macroalgae_mimic,14,5,1226,30,924,1352,697,10,2,58,0,66,40,11,56,0,10,1,8,18,10,3,91,3,2,5,0,4,1,6,0,0,4,0,0,0,5,10,4,20,4,0,0,5,0,0,2,0,0,0,0,0,0,0,0,0,0,8,0,0,2,0,0,0,3,0,0,0,5,0,2,0,0,0,0,3,0,0,0,4,44,2,0,0,0,0,0,0,0,0,0,0,0,0,0,0,0,0,0,0,0,0,0,0,0,3,0,0,0,1,2,0,0,0,0,3,0,0,0,0,0,0,0,0,0,0,0
PR-MM-4,Macroalgae_mimic,33,3,1052,34,791,1291,743,28,2,129,0,108,31,27,86,0,12,11,15,39,5,17,105,7,2,2,1,2,15,6,0,0,9,3,10,11,1,14,12,7,10,3,5,0,2,1,2,0,6,0,0,0,0,4,0,0,0,6,0,1,0,0,0,1,1,0,0,0,1,0,4,0,5,8,0,0,1,3,0,1,51,7,0,0,0,1,0,0,0,0,0,0,0,0,1,0,0,0,0,0,0,0,0,0,0,0,0,0,0,0,0,0,0,0,0,0,0,0,0,0,0,0,0,0,0,0,0
PR-MM-5,Macroalgae_mimic,13,0,757,14,836,1010,838,35,0,62,1,59,33,12,33,1,62,18,514,28,10,0,26,8,0,3,0,0,30,4,0,3,22,0,5,26,0,8,9,64,35,0,27,0,0,91,0,2,7,0,0,0,0,0,4,0,0,2,0,3,0,8,0,0,1,0,0,13,1,0,6,0,2,10,0,0,0,0,0,0,11,0,8,0,0,0,0,0,0,4,0,8,1,0,0,0,1,0,0,0,0,0,0,0,0,0,0,0,0,0,0,0,0,0,0,0,0,0,0,0,0,0,0,0,0,0,0
PR-MM-6,Macroalgae_mimic,1,4,14,0,813,2166,639,21,0,3,0,280,1,0,0,0,5,0,78,53,0,2,186,3,0,0,0,0,435,1,0,0,0,0,0,44,0,0,22,1,14,0,0,0,0,0,0,0,0,0,0,1,0,2,0,0,0,0,0,0,0,0,0,0,0,0,0,0,0,0,0,0,0,0,0,0,0,0,0,0,0,0,0,0,0,0,0,0,0,0,0,0,0,0,0,0,0,0,0,0,0,0,0,0,0,0,0,0,0,0,0,0,0,0,0,0,0,0,0,0,0,0,0,0,0,0,0
PR-MM-7,Macroalgae_mimic,1,3,503,4,541,2991,589,6,0,30,0,17,1,0,3,0,8,1,1,7,2,0,5,27,5,2,0,0,4,0,0,0,2,0,0,1,1,3,4,0,0,1,0,0,0,0,0,0,3,0,0,0,0,0,0,0,0,2,0,0,0,0,0,0,0,0,0,0,0,0,5,0,0,4,0,0,0,0,0,1,10,0,0,0,0,0,0,1,0,0,0,0,0,0,0,0,0,0,0,0,0,0,0,0,0,0,0,0,0,0,0,0,0,0,0,0,0,0,0,0,0,0,0,0,0,0,0
PR-MM-8,Macroalgae_mimic,50,0,861,25,1210,1435,671,10,0,84,0,53,13,7,22,0,19,4,12,29,12,2,37,17,2,0,0,0,6,5,0,0,3,0,6,1,1,1,8,14,28,0,0,0,0,0,15,0,1,0,0,0,0,1,12,0,0,4,0,1,0,0,0,0,1,0,0,0,2,1,8,0,0,2,0,1,3,0,0,3,68,5,0,0,0,4,1,0,0,0,1,1,0,1,0,3,1,0,0,0,0,0,0,0,0,0,0,1,0,0,0,0,0,0,0,0,0,0,0,0,0,0,0,0,0,0,0
PR-MM-9,Macroalgae_mimic,0,1,31,3,895,763,512,86,0,17,0,34,5,0,0,0,4,0,484,30,11,0,371,129,0,1,0,0,522,51,0,0,0,0,1,405,0,0,219,68,11,0,1,0,0,59,0,0,1,0,0,0,0,2,0,0,0,0,0,0,0,4,0,7,0,0,0,6,2,0,0,12,0,7,0,0,1,0,0,0,0,0,0,0,0,0,0,0,0,30,0,1,0,0,0,0,0,0,0,0,0,0,0,2,0,0,0,0,0,0,0,0,0,0,0,0,0,0,0,0,0,0,0,0,0,0,0
PR-SG-1,Sargassum,0,0,78,3,799,822,519,43,0,17,0,76,1,0,115,0,3,1,540,42,5,0,359,14,2,0,0,0,520,32,0,3,1,0,0,272,0,0,80,322,11,0,1,3,0,43,0,0,0,0,0,9,0,1,0,0,0,1,0,0,0,1,0,7,0,0,0,0,0,0,2,20,0,2,0,0,0,0,0,0,0,0,0,0,0,0,0,0,0,18,0,1,0,0,0,0,0,0,0,0,0,0,0,0,0,0,0,0,0,0,0,0,0,0,0,0,0,0,0,0,0,0,0,0,0,0,0
PR-SG-10,Sargassum,0,5,32,0,655,1493,796,11,0,3,0,38,2,0,1,0,2,2,659,99,3,8,23,47,0,0,0,0,401,9,0,5,3,0,2,130,0,4,73,114,12,0,34,3,0,22,0,0,0,0,0,16,0,0,0,0,0,7,0,0,0,11,0,2,0,0,0,0,0,0,0,60,0,0,0,0,1,0,0,0,0,0,0,0,0,0,0,0,0,1,0,0,0,0,0,0,0,0,0,0,0,0,0,0,0,0,0,0,0,0,0,0,0,0,0,0,0,0,0,0,0,0,0,0,0,0,0
PR-SG-11,Sargassum,0,0,0,0,334,407,316,0,0,0,0,3,1,0,0,0,0,0,2350,45,0,0,99,1,0,0,0,0,596,189,0,0,0,0,0,333,0,0,22,25,8,0,0,37,0,15,0,2,0,0,0,0,0,1,0,0,0,0,0,0,0,2,0,0,0,0,0,0,1,0,0,0,0,0,0,0,0,0,0,0,0,0,0,0,0,0,0,0,0,2,0,0,0,0,0,0,0,0,0,0,0,0,0,0,0,0,0,0,0,0,0,0,0,0,0,0,0,0,0,0,0,0,0,0,0,0,0
PR-SG-12,Sargassum,29,0,317,16,2136,894,754,11,5,40,0,23,7,9,14,0,25,0,0,18,4,6,46,13,4,6,0,4,14,138,0,0,5,0,0,0,0,4,3,3,26,0,1,0,0,174,0,0,0,0,0,0,0,5,0,0,0,6,0,0,0,0,0,0,0,0,0,0,0,0,4,0,0,6,0,0,1,0,0,0,12,4,0,0,0,0,0,0,0,0,0,2,0,0,0,0,0,0,0,0,0,0,0,0,0,0,0,0,0,0,0,0,0,0,0,0,0,0,0,0,0,0,0,0,0,0,0
PR-SG-2,Sargassum,14,0,218,27,572,3184,415,3,0,13,0,22,7,0,53,0,3,12,4,69,6,6,8,6,4,0,0,0,97,4,0,0,0,0,6,1,0,0,10,3,0,0,2,0,0,0,3,0,0,0,0,0,0,0,4,0,0,1,0,0,0,0,0,1,0,0,0,0,0,0,0,0,0,0,0,0,1,0,0,0,8,0,0,0,0,0,0,0,0,0,0,0,0,0,0,0,0,0,0,0,0,0,0,2,0,0,0,0,0,0,0,0,0,0,0,0,0,0,0,0,0,0,0,0,0,0,0
PR-SG-3,Sargassum,2,10,556,3,912,1778,1049,19,0,36,0,73,60,0,0,0,14,0,2,45,52,3,30,22,1,0,0,0,28,1,0,0,0,0,0,1,0,0,27,13,1,1,19,0,0,0,0,0,0,0,0,1,0,2,0,0,0,7,0,0,0,0,0,0,3,0,0,0,0,0,2,0,2,1,0,0,0,0,0,0,1,0,0,0,0,0,0,0,0,2,0,9,0,1,0,0,0,0,0,0,0,0,0,0,0,0,0,0,0,0,0,0,0,0,0,0,0,0,0,0,0,0,0,0,0,0,0
PR-SG-4,Sargassum,0,3,18,1,685,810,448,12,0,5,0,22,7,0,22,0,3,1,695,17,0,0,275,6,0,1,0,0,291,27,0,9,1,0,2,291,0,6,330,646,15,0,9,19,0,40,0,0,0,0,0,4,0,1,0,0,0,1,0,0,0,8,0,15,0,0,0,0,0,0,0,25,0,0,1,0,0,0,0,0,7,0,0,0,0,0,0,0,0,1,0,0,0,0,0,0,0,0,0,0,0,0,0,8,0,0,0,0,0,0,0,0,0,0,0,0,0,1,0,0,0,0,0,0,0,0,0
PR-SG-5,Sargassum,28,1,666,15,948,591,1649,30,3,107,0,38,19,2,26,0,12,8,66,17,6,2,36,5,20,5,0,3,21,3,0,0,1,1,0,62,0,6,1,13,3,0,31,0,0,148,0,3,3,0,2,0,0,6,2,0,0,4,0,0,0,1,0,0,0,0,0,0,1,0,4,0,3,149,0,0,0,0,0,0,10,1,0,0,1,0,0,0,0,0,0,0,0,0,0,0,1,0,0,1,0,0,0,4,0,0,0,0,0,0,0,0,0,0,0,0,0,0,0,0,0,0,0,0,0,0,0
PR-SG-6,Sargassum,1,0,1,0,1695,863,119,1,0,0,0,0,0,0,480,0,0,2,25,60,0,0,652,15,0,0,0,0,224,0,0,0,0,0,0,330,0,9,22,115,52,0,0,0,0,3,0,0,0,0,0,0,0,0,0,0,0,0,0,0,0,1,0,0,0,0,0,0,1,0,0,0,0,0,0,0,0,0,0,0,118,0,0,0,0,0,0,0,0,0,0,0,0,0,0,0,0,0,0,0,0,0,0,0,0,0,0,0,0,0,0,0,0,0,0,0,0,0,0,0,0,0,0,0,0,0,0
PR-SG-7,Sargassum,28,3,642,40,981,1210,703,37,1,162,2,169,23,65,69,1,36,7,17,55,0,16,174,3,7,2,0,2,3,6,0,0,2,2,2,47,9,15,22,4,7,5,7,0,0,0,0,2,4,0,0,0,0,6,0,0,0,10,0,0,0,0,2,0,2,0,0,0,0,0,0,0,1,5,0,0,3,2,0,0,160,3,0,0,0,0,0,0,0,0,0,0,0,0,0,2,0,0,0,0,0,0,0,0,0,0,0,0,0,0,0,0,1,0,0,0,0,0,0,0,0,0,0,0,0,0,0
PR-SG-8,Sargassum,48,0,360,18,749,2052,829,16,0,40,0,92,19,9,26,0,4,3,5,43,6,0,25,0,0,7,0,0,220,26,0,0,5,0,9,6,5,43,3,6,5,0,17,0,1,3,19,0,0,0,0,0,0,2,0,0,0,3,0,0,0,0,0,0,0,0,0,3,0,0,0,0,0,1,1,0,1,2,0,1,49,1,0,0,0,0,0,0,0,1,0,0,0,2,0,0,0,0,0,0,0,0,0,0,0,0,0,0,0,0,0,0,0,0,0,0,2,0,1,0,0,0,0,0,0,0,0
PR-SG-9,Sargassum,0,0,6,1,935,550,121,16,0,0,0,5,0,0,0,0,0,35,709,42,0,0,457,2,0,0,0,0,152,1,0,0,0,0,0,920,0,10,230,239,13,0,24,45,0,69,0,0,0,0,0,0,0,0,0,0,0,0,0,0,0,162,0,0,0,0,0,0,0,0,0,6,0,0,0,0,0,0,0,0,17,0,0,0,0,0,0,0,0,22,0,0,0,0,0,0,0,0,0,0,0,0,0,0,0,0,0,0,0,0,0,0,0,0,0,0,0,0,0,0,0,0,0,0,0,0,0
PR-SN-1,S_nigricans,11,5,1692,10,762,631,581,14,5,102,0,72,55,78,30,0,16,5,12,19,7,4,66,11,5,10,0,4,124,1,0,0,3,0,6,11,0,207,52,3,10,2,5,4,1,63,0,0,10,0,0,2,0,1,5,0,0,8,0,0,0,0,0,0,0,0,0,0,0,0,5,1,1,35,0,0,1,0,0,1,19,0,0,0,1,0,0,0,0,0,0,0,0,0,0,0,0,0,0,0,0,0,0,0,0,0,0,0,0,0,0,0,0,0,0,0,0,0,0,0,0,0,0,0,0,0,0
PR-SN-10,S_nigricans,14,0,810,103,1119,770,1206,41,0,147,0,72,45,18,3,0,28,7,47,20,0,1,38,7,36,0,1,0,24,0,0,0,0,0,0,74,0,119,5,1,1,0,1,0,0,9,0,0,1,2,0,1,0,1,1,0,0,1,0,0,0,0,1,0,0,0,0,0,0,0,3,0,0,0,0,0,1,0,0,0,7,1,0,0,0,0,0,0,0,0,0,0,0,0,0,0,0,0,0,0,0,2,0,0,0,0,0,0,0,0,0,0,0,0,0,0,0,0,0,0,0,0,0,0,0,0,0
PR-SN-11,S_nigricans,0,0,148,3,570,1240,618,5,0,2,0,24,0,1,1,0,1,9,299,17,0,0,271,18,0,0,0,0,714,21,0,3,0,0,0,290,0,12,330,34,11,0,1,0,0,68,0,0,0,0,0,1,0,2,0,0,0,0,0,0,0,0,0,0,0,0,0,0,0,0,0,0,0,2,0,0,0,0,0,0,73,0,0,0,0,0,0,0,0,0,0,0,0,0,0,0,0,0,0,0,0,0,0,0,0,0,0,0,0,0,0,0,0,0,0,0,0,0,0,0,0,0,0,0,0,0,0
PR-SN-12,S_nigricans,1,0,850,46,656,790,548,49,1,64,0,111,10,2,6,0,9,347,451,7,2,0,103,9,8,13,0,0,146,2,0,0,0,0,1,338,0,70,1,15,9,0,1,0,0,32,0,0,4,0,0,0,0,1,0,0,0,3,0,0,16,8,0,0,0,0,0,0,0,0,0,0,0,1,2,0,0,0,0,0,20,4,0,0,1,0,7,0,0,5,0,0,0,0,0,0,0,0,0,0,0,18,0,0,0,0,0,0,0,0,0,0,0,0,0,0,0,0,1,0,0,0,0,0,0,0,0
PR-SN-2,S_nigricans,0,0,228,8,526,952,329,13,0,6,0,55,4,0,5,0,14,5,1308,15,0,0,303,10,0,0,0,0,312,19,0,6,0,0,1,217,0,26,187,211,3,0,0,7,0,5,0,0,0,0,0,0,0,0,0,0,0,0,0,0,3,2,0,1,0,0,0,0,0,0,2,0,0,1,0,0,0,0,0,0,1,0,0,0,0,0,0,0,0,4,0,0,0,0,0,0,0,0,0,0,0,0,0,0,0,0,0,0,0,0,0,0,0,0,0,0,0,0,0,0,0,0,0,0,0,0,0
PR-SN-3,S_nigricans,2,0,525,99,955,1229,501,47,0,56,0,109,16,6,3,0,15,67,96,9,1,1,222,2,13,1,0,0,167,0,0,0,0,0,0,158,1,192,60,24,15,0,0,9,0,43,0,0,1,0,0,0,0,4,0,0,0,3,0,0,0,0,0,0,0,0,0,2,0,0,4,55,0,0,0,0,0,0,0,0,52,1,0,0,2,0,2,0,0,14,0,0,0,0,0,0,0,0,0,0,0,5,0,0,0,0,0,0,0,0,0,0,0,0,0,0,0,0,0,0,0,0,0,0,0,0,0
PR-SN-4,S_nigricans,17,3,107,20,342,2188,586,27,0,101,3,38,27,10,19,2,14,0,504,16,54,1,174,14,1,3,4,1,165,25,0,0,10,0,0,54,0,22,39,60,8,1,3,8,2,28,0,2,8,0,0,1,0,4,0,0,0,7,0,0,0,12,1,7,0,0,1,11,0,0,3,10,0,5,0,0,1,0,0,0,2,0,3,0,0,0,0,0,0,5,0,0,2,0,0,0,1,2,0,0,0,0,0,0,0,0,0,0,0,0,0,0,0,0,0,0,0,0,0,0,0,0,0,0,0,0,0
PR-SN-5,S_nigricans,10,0,470,7,1199,1586,850,49,0,32,2,21,10,5,69,0,4,9,1,25,4,1,15,1,1,9,0,0,0,1,0,0,2,0,4,6,0,59,10,0,2,0,1,0,0,303,0,0,3,0,0,0,0,1,0,0,0,1,0,1,0,0,0,0,0,0,0,0,0,0,4,0,3,0,0,0,0,0,0,0,8,0,0,0,0,0,0,0,0,0,0,0,0,0,0,0,0,0,0,0,0,0,0,0,0,0,0,0,0,0,0,0,0,0,0,0,0,0,0,0,0,0,0,0,0,0,0
PR-SN-6,S_nigricans,3,2,762,205,680,971,673,51,1,122,2,99,23,8,1,3,17,38,93,21,0,0,95,0,23,11,1,0,453,3,0,1,2,0,0,132,5,94,24,14,4,0,7,3,0,81,0,1,1,0,0,0,0,0,1,0,0,2,0,0,2,0,0,0,4,0,0,0,4,0,1,0,0,8,0,0,0,0,0,0,7,19,0,0,0,0,0,0,0,1,0,1,1,0,0,0,0,0,0,0,0,7,0,0,0,0,0,0,0,0,0,0,0,0,0,0,0,0,0,0,0,0,0,0,1,0,0
PR-SN-7,S_nigricans,0,0,37,0,847,446,247,15,0,5,0,7,3,1,1,0,0,0,967,22,0,0,220,9,0,1,0,0,427,55,0,1,0,0,1,501,1,11,336,314,11,0,27,15,0,222,0,0,0,0,0,3,0,5,0,0,0,0,0,0,0,3,0,12,0,2,0,0,0,0,0,2,0,0,0,0,0,0,0,0,0,0,0,0,0,0,0,0,0,6,0,0,0,0,0,0,0,0,0,0,0,0,0,6,0,0,0,0,0,0,0,0,0,0,0,0,0,0,0,0,0,0,0,0,0,0,0
PR-SN-8,S_nigricans,3,0,1192,186,714,526,973,39,1,97,0,71,17,5,2,4,25,137,41,35,3,0,26,2,37,4,0,0,170,0,0,0,1,0,1,126,0,192,9,19,1,1,12,0,1,63,0,1,0,0,0,0,0,0,0,0,0,2,0,0,3,6,0,0,1,0,0,0,1,0,0,0,0,0,4,0,0,0,0,0,9,1,0,0,0,0,0,0,0,0,0,7,1,0,0,0,0,0,0,0,0,8,0,8,0,0,0,0,0,0,0,0,0,0,0,0,0,0,0,0,0,0,1,0,0,0,0
PR-SN-9,S_nigricans,4,0,735,100,680,914,1038,40,10,100,0,158,22,2,7,1,23,37,224,19,7,4,90,6,18,5,0,1,189,5,0,0,3,1,3,83,13,134,11,5,9,1,14,0,0,34,0,0,0,0,0,1,0,3,1,0,0,2,0,0,0,1,0,0,1,0,0,0,0,0,3,1,0,5,1,0,0,0,0,0,16,0,0,0,0,0,0,0,0,1,0,0,0,0,0,0,0,0,0,0,0,3,0,0,0,0,0,0,0,0,0,0,0,0,0,0,0,0,0,0,0,0,0,0,0,0,0
PR-SP-1,S_punctatus,14,1,398,40,812,664,631,35,1,35,1,122,6,3,44,0,10,20,197,17,4,2,197,0,0,15,0,0,97,2,0,0,2,0,4,127,1,831,123,6,4,0,112,10,0,55,0,0,1,0,0,2,0,0,1,0,0,0,0,0,0,9,0,0,1,0,0,0,0,0,4,1,0,8,69,0,0,0,0,0,44,2,1,0,0,0,2,0,0,1,0,0,0,0,0,0,0,0,0,0,0,0,0,0,0,0,0,0,0,0,0,0,0,0,0,0,0,0,0,0,0,0,0,0,0,0,0
PR-SP-10,S_punctatus,0,5,135,5,848,1093,509,11,0,15,0,12,10,2,2,0,2,1,151,199,3,0,361,3,0,0,0,0,626,28,0,0,1,0,0,458,0,14,84,43,58,0,7,0,0,38,0,0,1,0,0,49,0,2,0,0,0,4,0,0,0,1,0,0,0,0,0,0,0,0,0,0,0,3,0,0,1,0,0,0,2,0,0,0,0,0,0,0,0,0,0,1,1,0,0,0,0,0,0,0,0,0,0,0,0,0,0,0,0,0,0,0,0,0,0,0,0,0,0,0,0,0,0,0,0,0,0
PR-SP-11,S_punctatus,2,0,370,4,121,3880,195,16,0,10,0,15,7,10,27,0,4,0,5,8,3,1,19,6,10,1,0,1,20,1,0,0,3,0,0,2,2,24,1,1,2,0,1,0,1,0,0,0,1,0,0,0,0,0,0,0,0,5,0,0,0,0,0,0,0,0,0,0,0,0,1,2,0,0,0,0,0,0,0,0,7,0,0,0,0,0,0,0,0,0,0,0,0,0,0,0,0,0,0,0,0,0,0,0,0,0,0,0,0,0,0,0,0,0,0,0,0,0,0,0,0,0,0,0,0,0,0
PR-SP-12,S_punctatus,2,1,279,1,607,1346,726,136,0,138,0,21,7,4,2,0,10,5,330,28,13,2,131,43,0,0,0,0,487,7,0,8,0,0,1,137,0,12,60,74,16,0,6,6,0,52,0,0,0,0,0,9,0,0,0,0,0,1,0,0,0,23,0,9,0,0,0,0,0,0,2,26,2,0,0,0,0,0,0,0,2,0,0,0,0,0,0,0,0,3,0,4,0,0,0,0,0,0,0,0,0,0,0,10,0,0,0,0,0,0,0,0,0,0,0,0,0,0,0,0,0,0,0,0,0,0,0
PR-SP-2,S_punctatus,13,4,661,23,705,1062,1004,46,1,98,0,311,27,12,34,0,20,10,94,19,6,11,111,7,2,3,0,2,55,3,0,0,17,0,4,7,4,271,7,8,6,0,23,4,0,21,0,1,2,0,0,0,0,1,1,0,0,6,0,0,0,0,0,0,0,0,0,0,0,0,16,2,1,6,0,0,1,0,0,1,33,0,1,0,0,0,0,0,0,0,0,0,0,0,0,0,0,0,0,0,0,0,0,0,0,0,0,0,0,0,0,0,0,0,1,0,0,0,0,0,0,0,0,0,0,0,0
PR-SP-3,S_punctatus,4,1,88,13,552,1729,642,31,2,27,3,76,8,1,20,0,3,23,126,19,4,7,262,2,0,0,5,0,333,3,0,0,9,0,2,93,0,508,32,8,2,0,52,12,0,50,0,0,0,0,0,2,0,0,0,0,0,2,0,0,0,0,0,0,0,0,0,0,0,0,0,4,0,0,0,0,0,0,0,0,21,0,0,0,0,0,0,0,0,8,0,0,0,0,0,0,0,0,0,0,0,0,0,0,0,0,0,0,0,0,0,0,0,0,0,0,0,0,0,0,0,0,0,0,0,0,0
PR-SP-4,S_punctatus,11,3,1386,76,649,1195,716,21,2,106,0,43,34,14,8,0,20,3,6,22,17,4,60,4,9,11,0,0,126,3,0,0,0,0,3,37,0,95,3,5,2,1,8,2,0,4,0,0,9,1,0,0,0,4,0,0,0,10,0,2,0,0,0,0,2,0,0,0,0,0,10,0,3,8,4,0,0,3,1,2,20,0,0,0,0,0,0,0,0,0,0,0,0,0,0,0,0,0,0,0,0,0,0,0,1,0,0,0,0,0,0,0,0,0,0,0,0,0,0,0,0,0,0,0,0,0,0
PR-SP-5,S_punctatus,3,0,385,92,505,965,556,29,4,36,0,131,16,1,8,0,6,89,275,10,17,2,34,2,2,5,21,0,235,1,0,1,2,0,1,50,0,952,70,8,24,0,7,0,0,28,0,8,0,0,0,0,0,0,0,0,0,4,0,1,100,0,0,20,0,8,0,5,0,0,0,1,0,1,7,0,0,0,0,18,20,0,0,0,2,0,0,0,0,2,0,1,0,0,0,0,0,0,0,0,0,0,0,18,0,0,0,0,0,0,0,0,0,0,0,0,0,0,0,0,0,0,0,0,0,0,0
PR-SP-6,S_punctatus,2,0,175,27,824,1352,610,12,0,45,0,136,20,0,13,0,6,48,62,26,2,6,292,1,1,4,0,0,115,3,0,2,4,0,2,46,0,715,25,23,8,0,28,0,0,59,0,0,2,0,0,0,0,0,5,0,0,5,0,0,0,0,0,0,0,0,0,0,0,0,1,6,0,1,0,0,0,0,0,0,70,0,0,0,0,0,0,0,0,1,1,3,0,0,0,0,0,0,0,0,0,0,0,0,0,0,0,0,0,0,0,0,0,0,0,0,0,0,0,0,0,0,0,0,0,0,0
PR-SP-7,S_punctatus,0,0,14,2,532,1860,270,1,0,3,0,22,1,0,4,0,0,0,55,9,0,1,527,32,0,0,0,0,1238,18,0,0,0,0,1,138,0,0,6,17,32,0,0,0,0,0,0,0,0,0,0,3,0,0,0,0,0,0,0,0,0,0,0,0,0,0,0,0,0,0,0,2,0,0,0,0,0,0,0,0,1,0,0,0,0,0,0,0,0,0,0,0,0,0,0,0,0,0,0,0,0,0,0,0,0,0,0,0,0,0,0,0,0,0,0,0,0,0,0,0,0,0,0,0,0,0,0
PR-SP-8,S_punctatus,1,0,293,167,787,1325,779,40,1,69,5,152,17,0,4,0,19,52,106,12,1,8,18,7,1,1,0,0,248,0,0,2,0,0,2,20,0,549,10,4,3,0,24,0,0,12,0,0,3,0,0,0,0,1,0,0,0,1,0,1,10,1,1,0,1,0,0,0,0,0,1,0,1,2,3,1,1,0,0,0,17,0,0,0,1,0,0,0,0,4,0,0,0,0,0,0,0,0,0,0,0,0,0,0,0,0,0,0,0,0,0,0,0,0,0,0,0,0,0,0,0,0,0,0,0,0,0
PR-SP-9,S_punctatus,0,1,28,0,374,1075,418,47,0,2,0,23,0,2,3,0,0,0,358,91,0,0,483,36,1,6,0,0,403,10,0,3,1,0,1,342,0,11,317,539,3,0,4,1,0,64,0,0,0,0,0,9,0,2,0,0,0,0,0,0,2,2,0,4,0,0,0,0,0,0,0,111,0,0,0,0,0,0,0,1,0,0,0,0,0,0,0,0,0,1,0,3,0,0,0,0,0,0,0,0,0,0,0,0,0,0,0,0,0,0,0,0,0,0,0,0,0,0,7,0,0,0,0,0,0,0,0
PR-TM-1,Turf_mimic,2,1,157,5,1390,1090,1416,7,0,33,0,14,5,0,175,0,1,0,4,11,0,3,19,0,7,1,0,0,1,13,0,0,0,0,0,9,0,0,2,4,2,0,0,0,0,368,2,0,0,0,0,0,0,0,18,0,0,0,0,3,0,0,0,0,0,0,0,0,0,0,4,0,0,0,0,0,0,0,0,0,13,1,0,0,1,0,0,0,0,0,0,1,0,0,0,0,0,0,0,0,0,0,0,1,0,1,0,0,0,0,0,0,0,0,4,0,0,0,0,0,0,0,0,0,0,0,0
PR-TM-10,Turf_mimic,21,8,327,16,1036,2322,480,2,0,74,1,140,22,20,45,0,20,2,7,17,10,0,46,16,0,0,0,4,9,9,0,0,0,0,3,2,8,3,29,2,0,3,2,0,0,0,0,0,0,0,0,0,0,2,2,0,0,1,0,0,0,1,0,0,0,0,0,0,0,0,0,0,0,6,0,0,0,0,0,5,43,15,3,0,0,0,0,0,0,0,0,0,0,0,0,0,0,0,0,0,0,0,0,0,1,0,0,0,0,0,0,1,1,0,0,0,0,0,0,0,0,0,2,0,0,0,0
PR-TM-11,Turf_mimic,2,1,825,6,351,1593,341,10,0,7,0,25,9,8,5,0,1,4,5,22,4,1,351,4,0,1,0,1,1048,23,0,0,0,0,0,87,0,1,5,0,8,0,4,0,0,15,0,0,0,0,0,0,0,1,0,1,0,0,0,0,0,0,0,0,0,0,0,0,0,0,1,0,0,0,0,0,0,0,0,0,4,12,0,0,0,0,0,0,0,0,1,1,0,0,0,0,0,0,0,0,0,0,0,0,0,0,0,0,0,0,0,0,0,0,0,0,0,0,0,0,0,0,0,0,0,0,0
PR-TM-12,Turf_mimic,41,0,572,10,2032,645,592,7,0,73,0,70,23,21,152,0,6,14,9,26,0,15,52,9,9,0,0,11,5,245,0,0,7,0,6,0,0,13,4,1,15,0,9,0,0,0,3,0,1,0,0,0,0,61,0,0,0,0,0,0,0,0,0,0,0,0,1,0,0,0,4,0,0,4,0,0,0,0,0,3,18,0,0,0,0,0,0,0,0,0,0,0,0,0,0,0,0,0,0,0,0,0,0,0,0,0,0,0,0,0,0,0,0,0,0,0,0,0,0,0,0,0,0,0,0,0,0
PR-TM-2,Turf_mimic,1,5,247,4,524,2474,1337,1,0,12,0,10,14,0,2,0,15,1,2,21,0,0,5,6,0,0,0,0,25,6,0,0,2,0,1,5,0,3,8,10,2,0,11,0,0,0,0,0,0,0,0,14,0,4,2,0,0,0,0,0,0,0,0,0,0,0,0,0,0,0,1,0,0,1,0,0,2,0,0,0,11,0,0,0,0,0,0,0,0,0,0,0,0,0,0,0,0,0,0,0,0,0,0,0,0,0,0,0,0,0,0,0,0,0,0,0,0,0,0,0,0,0,0,0,0,0,0
PR-TM-3,Turf_mimic,23,0,1330,7,457,604,930,145,1,284,21,145,31,0,1,6,121,12,38,17,0,1,8,0,287,1,0,45,6,2,0,0,0,0,4,66,4,4,51,8,2,2,3,0,10,52,0,0,0,0,0,0,0,3,0,0,0,20,0,0,0,2,0,0,11,0,0,2,7,0,10,0,0,0,0,0,0,0,0,0,0,5,0,0,0,0,0,0,0,0,0,0,0,0,0,0,0,0,0,0,0,0,0,0,0,0,0,0,0,0,0,0,0,0,0,0,0,0,0,0,0,0,0,0,0,0,0
PR-TM-4,Turf_mimic,30,3,1343,30,695,1177,730,15,2,106,3,115,30,25,39,1,24,15,14,51,2,0,49,13,1,11,1,2,28,4,0,0,2,0,5,2,6,18,24,4,7,4,11,0,0,1,13,1,5,1,0,0,1,2,5,0,0,8,0,0,0,0,2,0,1,0,0,1,0,0,5,0,1,2,1,4,8,0,1,5,64,4,0,0,0,0,0,0,0,2,0,4,0,0,0,0,0,0,0,0,0,0,0,0,0,0,0,2,0,0,1,0,0,0,0,0,0,0,0,0,0,0,1,0,1,0,0
PR-TM-5,Turf_mimic,40,5,1233,26,736,1084,947,19,1,106,0,77,46,3,13,0,31,6,33,49,2,9,76,16,13,5,0,3,5,1,0,2,4,0,7,15,1,7,6,8,5,3,15,0,1,1,2,0,3,0,2,0,0,2,0,0,0,5,0,0,2,0,0,0,2,0,0,1,0,1,10,1,3,3,0,1,6,2,0,11,64,5,0,0,0,0,0,0,0,3,0,0,0,0,0,0,0,0,0,0,0,0,0,0,0,0,0,0,0,0,0,0,0,0,0,0,0,0,0,0,0,0,0,0,0,0,0
PR-TM-6,Turf_mimic,25,5,1850,29,597,894,774,50,2,102,1,41,40,12,7,0,18,11,62,39,18,7,52,6,2,1,0,1,9,1,0,0,1,1,7,30,4,6,6,8,3,3,8,0,1,3,0,0,3,0,0,7,0,1,0,0,0,5,0,0,1,3,0,0,1,0,0,0,0,0,3,1,3,5,0,0,0,0,0,0,15,2,0,0,0,0,0,0,0,0,0,0,0,0,0,0,1,0,0,0,0,0,0,0,0,0,0,0,0,0,0,0,1,0,0,0,0,0,0,0,0,0,0,0,0,0,0
PR-TM-7,Turf_mimic,5,2,641,5,703,1713,1111,3,1,59,0,182,83,2,1,0,6,2,6,79,0,1,20,2,0,1,0,0,0,0,0,0,0,0,0,0,0,5,84,15,3,0,2,0,0,3,0,0,0,0,0,0,0,2,0,0,0,3,0,0,0,0,0,0,0,0,0,0,0,0,1,0,0,0,0,0,1,0,0,6,33,0,1,0,0,0,0,0,0,0,0,1,0,0,0,0,0,0,0,0,0,0,0,0,0,0,0,0,1,0,0,0,0,0,0,0,0,0,0,0,0,0,0,0,0,0,0
PR-TM-8,Turf_mimic,14,2,1228,91,863,1197,727,38,4,58,0,84,30,8,63,0,64,4,6,28,6,1,42,15,9,20,0,1,2,2,0,0,11,1,19,5,0,4,7,8,4,1,10,0,0,2,4,0,0,0,0,1,0,4,5,0,0,0,0,2,2,0,0,0,1,0,0,1,0,0,4,0,3,8,0,0,0,0,0,3,62,5,0,0,0,0,0,0,0,0,0,2,0,0,0,0,0,0,1,0,0,0,0,0,0,0,0,0,0,0,0,0,2,0,0,0,0,0,0,0,0,0,0,0,0,0,0
PR-TM-9,Turf_mimic,11,2,438,2,1235,1626,968,27,0,41,5,122,10,26,42,0,3,1,4,24,0,0,43,16,12,6,0,0,15,11,0,0,10,1,8,13,1,4,7,0,1,0,6,0,0,0,2,0,2,0,0,0,0,3,7,0,1,5,0,3,0,0,0,0,0,0,0,0,0,0,10,0,0,6,0,0,0,0,0,0,7,1,0,0,0,0,0,0,0,0,0,0,0,0,0,0,0,0,0,0,0,0,0,0,0,0,0,0,0,0,0,0,0,0,0,0,0,0,0,0,0,0,0,0,0,1,0
PT-E-12,Empty,33,0,466,11,2487,513,875,15,0,75,0,18,27,6,11,0,4,2,1,36,9,0,52,1,0,4,0,6,0,29,0,0,2,1,2,1,3,4,0,0,0,0,0,0,0,62,0,0,0,0,2,0,0,0,0,0,0,1,0,0,0,0,0,0,0,0,0,0,2,0,5,0,0,1,0,0,0,0,0,4,10,4,0,0,0,0,0,0,0,0,0,0,0,0,0,0,0,0,0,0,0,0,0,0,0,0,0,0,0,0,0,0,2,0,0,0,0,0,0,0,0,0,0,0,0,0,2